-- phpMyAdmin SQL Dump
-- version 5.2.1
-- https://www.phpmyadmin.net/
--
-- Hôte : localhost
-- Généré le : lun. 22 mai 2023 à 19:12
-- Version du serveur : 10.11.2-MariaDB
-- Version de PHP : 8.2.5

SET SQL_MODE = "NO_AUTO_VALUE_ON_ZERO";
START TRANSACTION;
SET time_zone = "+00:00";


/*!40101 SET @OLD_CHARACTER_SET_CLIENT=@@CHARACTER_SET_CLIENT */;
/*!40101 SET @OLD_CHARACTER_SET_RESULTS=@@CHARACTER_SET_RESULTS */;
/*!40101 SET @OLD_COLLATION_CONNECTION=@@COLLATION_CONNECTION */;
/*!40101 SET NAMES utf8mb4 */;

--
-- Base de données : `blogEmelineGineys`
--

-- --------------------------------------------------------

--
-- Structure de la table `comments`
--

CREATE TABLE `comments` (
  `id` int(11) NOT NULL,
  `content` text NOT NULL,
  `id_user` int(11) DEFAULT NULL,
  `updated_at` datetime NOT NULL,
  `id_post` int(11) NOT NULL,
  `validated` tinyint(1) NOT NULL
) ENGINE=InnoDB DEFAULT CHARSET=utf8mb4 COLLATE=utf8mb4_unicode_ci;

--
-- Déchargement des données de la table `comments`
--

INSERT INTO `comments` (`id`, `content`, `id_user`, `updated_at`, `id_post`, `validated`) VALUES
(1, 'Vestibulum lacinia ligula vel egestas viverra. Vestibulum a congue libero, eget fermentum tortor. Lorem ipsum dolor sit amet, consectetur adipiscing elit. Integer eget molestie risus.', NULL, '2023-04-05 00:00:00', 4, 1),
(2, 'Phasellus tincidunt ultricies risus, sit amet semper nibh efficitur sed. Praesent eget dui metus. Aliquam non purus interdum augue rhoncus interdum et ut augue. Aenean at dictum ante. Etiam sit amet ligula metus. Vestibulum et laoreet ante. Mauris fringilla, diam at convallis consequat, turpis orci auctor sem, quis rhoncus tellus leo vulputate nisi. Donec varius libero velit, ut posuere nunc elementum a.', NULL, '2023-04-06 00:00:00', 4, 1),
(3, 'Donec turpis dolor, vestibulum in rutrum ac, condimentum id lacus. Pellentesque habitant morbi tristique senectus et netus et malesuada fames ac turpis egestas. Morbi ac dui consequat, posuere lacus a, bibendum velit. Proin suscipit mi ac turpis lobortis sollicitudin.', NULL, '2023-04-06 00:00:00', 4, 1),
(4, 'Nam accumsan turpis tincidunt, molestie sem id, pharetra arcu. Quisque et nisl enim. Morbi eget nunc sed lacus laoreet bibendum.', NULL, '2023-04-06 00:00:00', 4, 1),
(5, 'Cras at felis at ex hendrerit fermentum. Cras sit amet risus erat. Proin faucibus justo euismod risus consequat ultricies.', NULL, '2023-04-06 00:00:00', 4, 1),
(6, 'Aliquam arcu ligula, sagittis non posuere id, maximus eu felis. In a tellus malesuada, vehicula mauris ac, pulvinar ante.', NULL, '2023-04-06 00:00:00', 4, 1),
(7, 'Cras massa erat, bibendum a ligula in, tincidunt ornare risus. Duis ipsum dolor, fringilla a nunc et, sodales dictum justo. Morbi condimentum tellus nec tortor volutpat euismod. Nunc ornare nisi in eleifend ultricies. Aenean sed lectus quis nisl facilisis consectetur. Cras a eros a enim posuere tincidunt.\r\n\r\nÉdition avant validation.', NULL, '2023-04-07 00:00:00', 4, 1),
(8, 'Curabitur venenatis lacus ut convallis tristique. Integer posuere felis ut dui laoreet, malesuada porta purus ultrices. Nam venenatis tellus dolor, id porta risus dapibus vel. Suspendisse potenti. Nulla ullamcorper imperdiet augue, sit amet aliquet mi tempor non.', NULL, '2023-04-04 00:00:00', 1, 1),
(9, 'Duis tellus orci, porttitor et orci et, egestas sodales nisl. Proin rutrum aliquam neque, vel facilisis leo ullamcorper ut. Donec turpis mauris, mollis ut lobortis eu, mollis vel neque. Nunc a ex auctor, viverra tellus eget, placerat sem.\r\n\r\nÉdition', NULL, '2023-04-05 00:00:00', 1, 1),
(30, 'Lorem ipsum dolor sit amet, consectetur adipiscing elit. Nulla at eleifend lectus. Integer leo erat, posuere ut convallis sit amet, feugiat ac elit. Nullam maximus imperdiet risus. In neque quam, vehicula id varius a, venenatis eget turpis. Donec malesuada non nunc eget gravida. ', NULL, '2023-04-20 14:16:22', 1, 1),
(70, 'Lorem ipsum dolor sit amet, consectetur adipiscing elit. Nulla at eleifend lectus. Integer leo erat, posuere ut convallis sit amet, feugiat ac elit. Nullam maximus imperdiet risus. In neque quam, vehicula id varius a, venenatis eget turpis. Donec malesuada non nunc eget gravida. ', 11, '2023-05-05 17:27:34', 20, 1),
(71, 'Lorem ipsum dolor sit amet, consectetur adipiscing elit. Nulla at eleifend lectus. Integer leo erat, posuere ut convallis sit amet, feugiat ac elit. Nullam maximus imperdiet risus. In neque quam, vehicula id varius a, venenatis eget turpis. Donec malesuada non nunc eget gravida. ', 13, '2023-05-05 17:38:11', 38, 1),
(73, 'Lorem ipsum dolor sit amet, consectetur adipiscing elit. Nulla at eleifend lectus. Integer leo erat, posuere ut convallis sit amet, feugiat ac elit. Nullam maximus imperdiet risus. In neque quam, vehicula id varius a, venenatis eget turpis. Donec malesuada non nunc eget gravida. ', 11, '2023-05-11 14:12:18', 38, 1),
(74, 'Lorem ipsum dolor sit amet, consectetur adipiscing elit. Nulla at eleifend lectus. Integer leo erat, posuere ut convallis sit amet, feugiat ac elit. Nullam maximus imperdiet risus. In neque quam, vehicula id varius a, venenatis eget turpis. Donec malesuada non nunc eget gravida. ', 11, '2023-05-11 14:12:44', 20, 1),
(75, 'Lorem ipsum dolor sit amet, consectetur adipiscing elit. Nulla at eleifend lectus. Integer leo erat, posuere ut convallis sit amet, feugiat ac elit. Nullam maximus imperdiet risus. In neque quam, vehicula id varius a, venenatis eget turpis. Donec malesuada non nunc eget gravida. ', 11, '2023-05-11 14:12:58', 19, 1),
(76, 'Lorem ipsum dolor sit amet, consectetur adipiscing elit. Nulla at eleifend lectus. Integer leo erat, posuere ut convallis sit amet, feugiat ac elit. Nullam maximus imperdiet risus. In neque quam, vehicula id varius a, venenatis eget turpis. Donec malesuada non nunc eget gravida. ', 13, '2023-05-11 14:23:28', 38, 1),
(79, 'Lorem ipsum dolor sit amet, consectetur adipiscing elit. Nulla at eleifend lectus. Integer leo erat, posuere ut convallis sit amet, feugiat ac elit. Nullam maximus imperdiet risus. In neque quam, vehicula id varius a, venenatis eget turpis. Donec malesuada non nunc eget gravida. ', 13, '2023-05-11 14:44:48', 38, 1),
(80, 'Lorem ipsum dolor sit amet, consectetur adipiscing elit. Nulla at eleifend lectus. Integer leo erat, posuere ut convallis sit amet, feugiat ac elit. Nullam maximus imperdiet risus. In neque quam, vehicula id varius a, venenatis eget turpis. Donec malesuada non nunc eget gravida. ', 13, '2023-05-11 14:44:53', 38, 1),
(81, 'Lorem ipsum dolor sit amet, consectetur adipiscing elit. Nulla at eleifend lectus. Integer leo erat, posuere ut convallis sit amet, feugiat ac elit. Nullam maximus imperdiet risus. In neque quam, vehicula id varius a, venenatis eget turpis. Donec malesuada non nunc eget gravida. ', 13, '2023-05-11 14:44:56', 38, 1),
(82, 'Ut fringilla leo ac lobortis volutpat. Interdum et malesuada fames ac ante ipsum primis in faucibus. Etiam tempus erat id fringilla semper. Quisque congue pretium justo facilisis pretium. Fusce auctor nibh sed est porttitor, sed commodo nunc condimentum. Nulla mollis sem in libero ultricies, sed maximus orci venenatis.', 13, '2023-05-22 18:58:24', 1, 1);

-- --------------------------------------------------------

--
-- Structure de la table `posts`
--

CREATE TABLE `posts` (
  `id` int(11) NOT NULL,
  `title` varchar(250) NOT NULL,
  `summary` text NOT NULL,
  `content` text NOT NULL,
  `id_user` int(11) DEFAULT NULL,
  `image_url` text NOT NULL,
  `image_description` varchar(100) NOT NULL,
  `updated_at` datetime NOT NULL
) ENGINE=InnoDB DEFAULT CHARSET=utf8mb4 COLLATE=utf8mb4_unicode_ci;

--
-- Déchargement des données de la table `posts`
--

INSERT INTO `posts` (`id`, `title`, `summary`, `content`, `id_user`, `image_url`, `image_description`, `updated_at`) VALUES
(1, 'Lorem Ipsum', 'Neque porro quisquam est qui dolorem ipsum quia dolor sit amet, consectetur, adipisci velit...', 'Lorem ipsum dolor sit amet, consectetur adipiscing elit. In ut malesuada orci, sit amet ultrices tellus. Maecenas at sollicitudin nisl, eu tristique orci. Curabitur scelerisque lobortis nunc et laoreet. Nullam eget sollicitudin libero, ut gravida nisl. Curabitur non tincidunt sem, id placerat velit. Nullam dictum nunc laoreet lacus tempor, tincidunt venenatis sem varius. Sed sem arcu, fermentum non nibh quis, faucibus mollis mi. Nulla eget rutrum ipsum, nec convallis eros. Vivamus lorem lectus, egestas eget tempus sed, faucibus sit amet nisl.\r\n\r\nNam vitae rhoncus elit, vel fermentum arcu. Vestibulum ut metus ullamcorper, facilisis augue non, tristique eros. Sed nec urna ultrices tellus blandit lacinia. Donec dignissim est ut enim ullamcorper, quis vehicula justo mollis. Maecenas vestibulum, felis eu maximus hendrerit, nisi ligula commodo elit, non porttitor lacus est non mauris. Nullam interdum molestie est nec posuere. Duis ornare magna eu libero facilisis, quis sagittis erat viverra. Maecenas eget lobortis velit. Orci varius natoque penatibus et magnis dis parturient montes, nascetur ridiculus mus. Proin interdum nec elit at consectetur. Duis ultrices mattis molestie. Sed neque felis, mattis ut egestas porta, scelerisque non nulla.\r\n\r\nSed lacus orci, molestie vitae tristique vitae, hendrerit non ante. Vestibulum tempor pellentesque velit. Suspendisse et purus lacus. Nunc ac dui vitae diam finibus vehicula at in risus. Sed nec tempus ipsum. Donec purus leo, ultrices at tincidunt non, pretium quis leo. Quisque vitae tellus quis urna dictum semper. Donec ullamcorper consequat fermentum. Donec imperdiet lobortis volutpat.\r\n\r\nSed blandit id nunc vel sagittis. Pellentesque nec aliquet ante, at tincidunt arcu. Sed id urna nec justo egestas egestas. Proin at iaculis arcu, ut sodales diam. Etiam risus massa, rhoncus a molestie sed, scelerisque in tellus. Mauris laoreet sapien tellus, vitae blandit dolor molestie at. Nunc gravida faucibus nibh fringilla condimentum. Nam vestibulum ex in blandit luctus.\r\n\r\nDuis bibendum ipsum libero, quis tempor neque posuere lacinia. Sed nec aliquet lacus, in lobortis ipsum. Donec consequat, felis non tincidunt malesuada, velit ligula volutpat diam, nec ultrices odio mauris eu nulla. Aenean ac tellus turpis. In tincidunt, nunc sed porttitor efficitur, purus dolor feugiat massa, egestas pretium dui est sit amet libero. Morbi id sem viverra, congue lacus eu, ornare velit. Donec est est, elementum quis magna vitae, bibendum tristique dui. Aliquam sit amet rutrum sem, quis lobortis magna. Vivamus hendrerit quam nec tortor condimentum pharetra. In dignissim ac mi non vestibulum. ', 4, 'https://www.pixenli.com/image/J6BUU-53', 'photo de chat', '2023-05-22 17:58:50'),
(2, 'Lorem ipsum dolor', 'Lorem ipsum dolor sit amet, consectetur adipiscing elit. Nulla aliquet diam in magna eleifend, ac facilisis diam iaculis. In vitae elit iaculis, lacinia libero id, convallis neque. Pellentesque placerat, diam eget aliquet luctus, lorem urna maximus diam, eget blandit orci ipsum vestibulum enim. Phasellus varius, lorem at posuere venenatis, velit diam elementum tellus, sit amet laoreet nibh mi eget dolor. Fusce euismod condimentum lorem, id fringilla magna mattis vitae.', 'Lorem ipsum dolor sit amet, consectetur adipiscing elit. Nulla aliquet diam in magna eleifend, ac facilisis diam iaculis. In vitae elit iaculis, lacinia libero id, convallis neque. Pellentesque placerat, diam eget aliquet luctus, lorem urna maximus diam, eget blandit orci ipsum vestibulum enim. Phasellus varius, lorem at posuere venenatis, velit diam elementum tellus, sit amet laoreet nibh mi eget dolor. Fusce euismod condimentum lorem, id fringilla magna mattis vitae. Aenean eget mattis metus, ac tempus nunc. In hac habitasse platea dictumst. Donec ultricies, nisl vel egestas bibendum, odio mauris placerat dolor, ut pretium nisi orci in tortor. Nullam magna arcu, ultricies nec consectetur quis, blandit et turpis. Phasellus vel faucibus risus. Etiam porta et augue at consectetur. Nullam sit amet mi id enim accumsan euismod. Mauris sollicitudin mollis magna, at accumsan nulla vestibulum ac.\r\n\r\nSuspendisse pretium risus dolor, id mollis massa convallis ac. Donec at ornare dolor. Mauris rhoncus sem vitae tellus viverra rhoncus. Mauris efficitur condimentum ornare. Praesent venenatis dignissim facilisis. Cras malesuada metus vitae erat blandit tempus. Sed feugiat diam quam, sed laoreet mi volutpat sed. Cras tristique mollis risus, vestibulum porttitor dui interdum ut. Duis suscipit leo eget lorem cursus varius. Vivamus ac mi sed turpis congue scelerisque. Mauris non nisi volutpat, semper nisl nec, aliquam massa. Curabitur placerat mollis est vel interdum. Suspendisse vel justo non leo semper imperdiet vel non lorem. Mauris quis magna lorem. Aliquam accumsan eros a diam rutrum, sed fringilla dui viverra. Nulla in arcu tellus.\r\n\r\nSed ipsum quam, molestie tempus sollicitudin nec, molestie a enim. Cras pretium ex a elit maximus, in aliquam odio facilisis. Etiam aliquet nibh rhoncus viverra lacinia. Quisque in quam sed est pharetra lacinia. Sed nec iaculis nisl. Fusce eu volutpat lorem, vitae fermentum leo. Nam suscipit in leo vitae consequat. Nunc magna purus, sollicitudin ac tempor vel, congue a mi. Duis non quam mollis, gravida leo non, maximus metus. Fusce odio nisi, dapibus at vulputate nec, pretium sit amet arcu. Donec vitae sollicitudin eros. Nulla accumsan nunc non volutpat congue. Vivamus euismod ultricies nisi non imperdiet. ', NULL, 'https://www.pixenli.com/image/AP2oErcC', 'photo de chat', '2023-05-11 14:35:38'),
(3, 'Suspendisse pretium risus dolor', 'Suspendisse pretium risus dolor, id mollis massa convallis ac. Donec at ornare dolor. Mauris rhoncus sem vitae tellus viverra rhoncus. Mauris efficitur condimentum ornare. Praesent venenatis dignissim facilisis. Cras malesuada metus vitae erat blandit tempus. Sed feugiat diam quam, sed laoreet mi volutpat sed.', 'Suspendisse pretium risus dolor, id mollis massa convallis ac. Donec at ornare dolor. Mauris rhoncus sem vitae tellus viverra rhoncus. Mauris efficitur condimentum ornare. Praesent venenatis dignissim facilisis. Cras malesuada metus vitae erat blandit tempus. Sed feugiat diam quam, sed laoreet mi volutpat sed. Cras tristique mollis risus, vestibulum porttitor dui interdum ut. Duis suscipit leo eget lorem cursus varius. Vivamus ac mi sed turpis congue scelerisque. Mauris non nisi volutpat, semper nisl nec, aliquam massa. Curabitur placerat mollis est vel interdum. Suspendisse vel justo non leo semper imperdiet vel non lorem. Mauris quis magna lorem. Aliquam accumsan eros a diam rutrum, sed fringilla dui viverra. Nulla in arcu tellus.\r\n\r\nSed ipsum quam, molestie tempus sollicitudin nec, molestie a enim. Cras pretium ex a elit maximus, in aliquam odio facilisis. Etiam aliquet nibh rhoncus viverra lacinia. Quisque in quam sed est pharetra lacinia. Sed nec iaculis nisl. Fusce eu volutpat lorem, vitae fermentum leo. Nam suscipit in leo vitae consequat. Nunc magna purus, sollicitudin ac tempor vel, congue a mi. Duis non quam mollis, gravida leo non, maximus metus. Fusce odio nisi, dapibus at vulputate nec, pretium sit amet arcu. Donec vitae sollicitudin eros. Nulla accumsan nunc non volutpat congue. Vivamus euismod ultricies nisi non imperdiet.\r\n\r\nMorbi ut libero eu tellus vulputate ornare non eget odio. Fusce vitae augue dolor. Duis nec eros et purus congue laoreet. Mauris eget convallis massa. Etiam congue bibendum neque ut tincidunt. Nam id ex nulla. Maecenas feugiat, augue ut pharetra porta, lectus quam blandit nunc, ut volutpat risus magna in odio. Lorem ipsum dolor sit amet, consectetur adipiscing elit. Nunc id ullamcorper leo, quis finibus massa. Integer pretium gravida viverra. Duis laoreet, erat non volutpat tristique, tortor risus faucibus turpis, vel porta ligula justo eu sapien. Curabitur ut dapibus leo. ', NULL, 'https://www.pixenli.com/image/BxEP3Ylp', 'photo de chat', '2023-05-11 14:36:15'),
(4, 'Sed ipsum quam', 'Sed ipsum quam, molestie tempus sollicitudin nec, molestie a enim. Cras pretium ex a elit maximus, in aliquam odio facilisis. Etiam aliquet nibh rhoncus viverra lacinia. Quisque in quam sed est pharetra lacinia. Sed nec iaculis nisl. Fusce eu volutpat lorem, vitae fermentum leo. Nam suscipit in leo vitae consequat.', 'Sed ipsum quam, molestie tempus sollicitudin nec, molestie a enim. Cras pretium ex a elit maximus, in aliquam odio facilisis. Etiam aliquet nibh rhoncus viverra lacinia. Quisque in quam sed est pharetra lacinia. Sed nec iaculis nisl. Fusce eu volutpat lorem, vitae fermentum leo. Nam suscipit in leo vitae consequat. Nunc magna purus, sollicitudin ac tempor vel, congue a mi. Duis non quam mollis, gravida leo non, maximus metus. Fusce odio nisi, dapibus at vulputate nec, pretium sit amet arcu. Donec vitae sollicitudin eros. Nulla accumsan nunc non volutpat congue. Vivamus euismod ultricies nisi non imperdiet.\r\n\r\nMorbi ut libero eu tellus vulputate ornare non eget odio. Fusce vitae augue dolor. Duis nec eros et purus congue laoreet. Mauris eget convallis massa. Etiam congue bibendum neque ut tincidunt. Nam id ex nulla. Maecenas feugiat, augue ut pharetra porta, lectus quam blandit nunc, ut volutpat risus magna in odio. Lorem ipsum dolor sit amet, consectetur adipiscing elit. Nunc id ullamcorper leo, quis finibus massa. Integer pretium gravida viverra. Duis laoreet, erat non volutpat tristique, tortor risus faucibus turpis, vel porta ligula justo eu sapien. Curabitur ut dapibus leo.\r\n\r\nOrci varius natoque penatibus et magnis dis parturient montes, nascetur ridiculus mus. Sed ut sagittis enim, quis porttitor augue. Pellentesque pulvinar, felis et vulputate tincidunt, arcu augue imperdiet ligula, nec suscipit felis nisl varius neque. Praesent blandit, dui a sollicitudin pretium, justo nulla vehicula lacus, at maximus sapien arcu aliquet dolor. Mauris semper eros varius ipsum dapibus accumsan. Etiam aliquam, tortor eu fringilla iaculis, nulla erat aliquet nisl, at pellentesque ante orci vitae odio. Suspendisse gravida sollicitudin leo, sit amet pretium orci iaculis a. Mauris efficitur ullamcorper posuere. Etiam ultricies iaculis ante, ut porttitor metus. Phasellus blandit egestas ex, et vehicula ipsum tempus quis. Curabitur in purus ex. Maecenas lobortis consequat velit eu pulvinar. Orci varius natoque penatibus et magnis dis parturient montes, nascetur ridiculus mus. Maecenas dictum tempus magna, ut viverra augue aliquet a. Nullam pellentesque mi neque, ut dignissim ante iaculis eu. Duis ac fringilla ipsum. ', NULL, 'https://www.pixenli.com/image/G4_gnIbz', 'photo de chat', '2023-05-11 14:36:32'),
(5, 'Morbi ut libero eu tellus vulputate', 'Morbi ut libero eu tellus vulputate ornare non eget odio. Fusce vitae augue dolor. Duis nec eros et purus congue laoreet. Mauris eget convallis massa. Etiam congue bibendum neque ut tincidunt. Nam id ex nulla. Maecenas feugiat, augue ut pharetra porta, lectus quam blandit nunc, ut volutpat risus magna in odio. Lorem ipsum dolor sit amet, consectetur adipiscing elit. Nunc id ullamcorper leo, quis finibus massa.', 'Morbi ut libero eu tellus vulputate ornare non eget odio. Fusce vitae augue dolor. Duis nec eros et purus congue laoreet. Mauris eget convallis massa. Etiam congue bibendum neque ut tincidunt. Nam id ex nulla. Maecenas feugiat, augue ut pharetra porta, lectus quam blandit nunc, ut volutpat risus magna in odio. Lorem ipsum dolor sit amet, consectetur adipiscing elit. Nunc id ullamcorper leo, quis finibus massa. Integer pretium gravida viverra. Duis laoreet, erat non volutpat tristique, tortor risus faucibus turpis, vel porta ligula justo eu sapien. Curabitur ut dapibus leo.\r\n\r\nOrci varius natoque penatibus et magnis dis parturient montes, nascetur ridiculus mus. Sed ut sagittis enim, quis porttitor augue. Pellentesque pulvinar, felis et vulputate tincidunt, arcu augue imperdiet ligula, nec suscipit felis nisl varius neque. Praesent blandit, dui a sollicitudin pretium, justo nulla vehicula lacus, at maximus sapien arcu aliquet dolor. Mauris semper eros varius ipsum dapibus accumsan. Etiam aliquam, tortor eu fringilla iaculis, nulla erat aliquet nisl, at pellentesque ante orci vitae odio. Suspendisse gravida sollicitudin leo, sit amet pretium orci iaculis a. Mauris efficitur ullamcorper posuere. Etiam ultricies iaculis ante, ut porttitor metus. Phasellus blandit egestas ex, et vehicula ipsum tempus quis. Curabitur in purus ex. Maecenas lobortis consequat velit eu pulvinar. Orci varius natoque penatibus et magnis dis parturient montes, nascetur ridiculus mus. Maecenas dictum tempus magna, ut viverra augue aliquet a. Nullam pellentesque mi neque, ut dignissim ante iaculis eu. Duis ac fringilla ipsum.\r\n\r\nDuis id semper sem. Vestibulum sodales sapien vitae sapien euismod varius. Nam placerat quam id tristique pretium. Suspendisse consectetur nisl eget mattis varius. Sed at blandit libero. Nullam sit amet arcu lobortis, viverra metus sed, hendrerit felis. Suspendisse aliquet turpis ac enim malesuada, sit amet ornare mauris malesuada. Vestibulum at est at velit tristique pulvinar sed nec sapien. Donec non risus est. Aenean volutpat ante sed turpis dapibus, at semper dolor volutpat. Sed ut enim et mauris tristique sollicitudin sagittis id metus. Aliquam in mauris ut mi rhoncus fermentum eget quis turpis. Nunc fermentum leo odio, quis vehicula erat aliquam vitae. Etiam non eros elementum odio cursus dapibus in ut nibh. ', NULL, 'https://www.pixenli.com/image/WCyKmweA', 'photo de chat', '2023-05-11 14:36:55'),
(6, 'Orci varius natoque penatibus', 'Orci varius natoque penatibus et magnis dis parturient montes, nascetur ridiculus mus. Sed ut sagittis enim, quis porttitor augue. Pellentesque pulvinar, felis et vulputate tincidunt, arcu augue imperdiet ligula, nec suscipit felis nisl varius neque. Praesent blandit, dui a sollicitudin pretium, justo nulla vehicula lacus, at maximus sapien arcu aliquet dolor. Mauris semper eros varius ipsum dapibus accumsan.', 'Orci varius natoque penatibus et magnis dis parturient montes, nascetur ridiculus mus. Sed ut sagittis enim, quis porttitor augue. Pellentesque pulvinar, felis et vulputate tincidunt, arcu augue imperdiet ligula, nec suscipit felis nisl varius neque. Praesent blandit, dui a sollicitudin pretium, justo nulla vehicula lacus, at maximus sapien arcu aliquet dolor. Mauris semper eros varius ipsum dapibus accumsan. Etiam aliquam, tortor eu fringilla iaculis, nulla erat aliquet nisl, at pellentesque ante orci vitae odio. Suspendisse gravida sollicitudin leo, sit amet pretium orci iaculis a. Mauris efficitur ullamcorper posuere. Etiam ultricies iaculis ante, ut porttitor metus. Phasellus blandit egestas ex, et vehicula ipsum tempus quis. Curabitur in purus ex. Maecenas lobortis consequat velit eu pulvinar. Orci varius natoque penatibus et magnis dis parturient montes, nascetur ridiculus mus. Maecenas dictum tempus magna, ut viverra augue aliquet a. Nullam pellentesque mi neque, ut dignissim ante iaculis eu. Duis ac fringilla ipsum.\r\n\r\nDuis id semper sem. Vestibulum sodales sapien vitae sapien euismod varius. Nam placerat quam id tristique pretium. Suspendisse consectetur nisl eget mattis varius. Sed at blandit libero. Nullam sit amet arcu lobortis, viverra metus sed, hendrerit felis. Suspendisse aliquet turpis ac enim malesuada, sit amet ornare mauris malesuada. Vestibulum at est at velit tristique pulvinar sed nec sapien. Donec non risus est. Aenean volutpat ante sed turpis dapibus, at semper dolor volutpat. Sed ut enim et mauris tristique sollicitudin sagittis id metus. Aliquam in mauris ut mi rhoncus fermentum eget quis turpis. Nunc fermentum leo odio, quis vehicula erat aliquam vitae. Etiam non eros elementum odio cursus dapibus in ut nibh.\r\n\r\nMauris ut sem at augue convallis feugiat eu a quam. Quisque vulputate urna justo, id dapibus justo finibus ut. Aliquam suscipit at ex sit amet ornare. Maecenas quis mi semper, fermentum nisl eget, mattis magna. Aenean sollicitudin arcu ornare finibus consectetur. Aenean scelerisque venenatis enim sit amet scelerisque. Nunc a placerat elit. Duis id sollicitudin tortor. In sed turpis turpis. Quisque eleifend, nibh nec mattis porta, odio metus gravida orci, quis iaculis ipsum dolor a nunc. Aliquam vehicula lectus eu massa fermentum tincidunt. Suspendisse efficitur in mi nec laoreet. Class aptent taciti sociosqu ad litora torquent per conubia nostra, per inceptos himenaeos. Nulla vel est eget libero tincidunt elementum.', NULL, 'https://www.pixenli.com/image/CT8d3vCo', 'photo de chat', '2023-05-11 14:37:23'),
(7, 'Duis id semper sem', 'Duis id semper sem. Vestibulum sodales sapien vitae sapien euismod varius. Nam placerat quam id tristique pretium. Suspendisse consectetur nisl eget mattis varius. Sed at blandit libero. Nullam sit amet arcu lobortis, viverra metus sed, hendrerit felis. Suspendisse aliquet turpis ac enim malesuada, sit amet ornare mauris malesuada.', 'Duis id semper sem. Vestibulum sodales sapien vitae sapien euismod varius. Nam placerat quam id tristique pretium. Suspendisse consectetur nisl eget mattis varius. Sed at blandit libero. Nullam sit amet arcu lobortis, viverra metus sed, hendrerit felis. Suspendisse aliquet turpis ac enim malesuada, sit amet ornare mauris malesuada. Vestibulum at est at velit tristique pulvinar sed nec sapien. Donec non risus est. Aenean volutpat ante sed turpis dapibus, at semper dolor volutpat. Sed ut enim et mauris tristique sollicitudin sagittis id metus. Aliquam in mauris ut mi rhoncus fermentum eget quis turpis. Nunc fermentum leo odio, quis vehicula erat aliquam vitae. Etiam non eros elementum odio cursus dapibus in ut nibh.\r\n\r\nMauris ut sem at augue convallis feugiat eu a quam. Quisque vulputate urna justo, id dapibus justo finibus ut. Aliquam suscipit at ex sit amet ornare. Maecenas quis mi semper, fermentum nisl eget, mattis magna. Aenean sollicitudin arcu ornare finibus consectetur. Aenean scelerisque venenatis enim sit amet scelerisque. Nunc a placerat elit. Duis id sollicitudin tortor. In sed turpis turpis. Quisque eleifend, nibh nec mattis porta, odio metus gravida orci, quis iaculis ipsum dolor a nunc. Aliquam vehicula lectus eu massa fermentum tincidunt. Suspendisse efficitur in mi nec laoreet. Class aptent taciti sociosqu ad litora torquent per conubia nostra, per inceptos himenaeos. Nulla vel est eget libero tincidunt elementum.\r\n\r\nAliquam erat volutpat. Maecenas id ullamcorper leo. Lorem ipsum dolor sit amet, consectetur adipiscing elit. Vestibulum nibh nulla, tempus sed feugiat et, mollis ac elit. Proin feugiat, libero quis convallis sagittis, sem dui convallis sem, a elementum nibh erat quis nunc. Etiam dapibus est justo, in blandit felis commodo eget. Integer orci enim, ornare eu velit eu, dapibus consequat velit. Praesent fermentum molestie arcu sit amet egestas. Vivamus sit amet nulla augue. Duis tristique turpis vestibulum mattis commodo. ', NULL, 'https://www.pixenli.com/image/t77iaJu9', 'photo de chat', '2023-05-11 14:37:56'),
(8, 'Mauris ut sem at augue convallis', 'Mauris ut sem at augue convallis feugiat eu a quam. Quisque vulputate urna justo, id dapibus justo finibus ut. Aliquam suscipit at ex sit amet ornare. Maecenas quis mi semper, fermentum nisl eget, mattis magna. Aenean sollicitudin arcu ornare finibus consectetur. Aenean scelerisque venenatis enim sit amet scelerisque. Nunc a placerat elit. Duis id sollicitudin tortor.', 'Mauris ut sem at augue convallis feugiat eu a quam. Quisque vulputate urna justo, id dapibus justo finibus ut. Aliquam suscipit at ex sit amet ornare. Maecenas quis mi semper, fermentum nisl eget, mattis magna. Aenean sollicitudin arcu ornare finibus consectetur. Aenean scelerisque venenatis enim sit amet scelerisque. Nunc a placerat elit. Duis id sollicitudin tortor. In sed turpis turpis. Quisque eleifend, nibh nec mattis porta, odio metus gravida orci, quis iaculis ipsum dolor a nunc. Aliquam vehicula lectus eu massa fermentum tincidunt. Suspendisse efficitur in mi nec laoreet. Class aptent taciti sociosqu ad litora torquent per conubia nostra, per inceptos himenaeos. Nulla vel est eget libero tincidunt elementum.\r\n\r\nAliquam erat volutpat. Maecenas id ullamcorper leo. Lorem ipsum dolor sit amet, consectetur adipiscing elit. Vestibulum nibh nulla, tempus sed feugiat et, mollis ac elit. Proin feugiat, libero quis convallis sagittis, sem dui convallis sem, a elementum nibh erat quis nunc. Etiam dapibus est justo, in blandit felis commodo eget. Integer orci enim, ornare eu velit eu, dapibus consequat velit. Praesent fermentum molestie arcu sit amet egestas. Vivamus sit amet nulla augue. Duis tristique turpis vestibulum mattis commodo.\r\n\r\nMorbi dui augue, porttitor quis dolor nec, tristique sollicitudin metus. Sed elementum sit amet velit eu semper. Duis luctus in metus sit amet aliquet. Class aptent taciti sociosqu ad litora torquent per conubia nostra, per inceptos himenaeos. Duis eget ante at sapien lobortis volutpat et in lectus. Morbi ut sagittis urna. Nam sit amet tellus vitae libero tempus malesuada.', NULL, 'https://www.pixenli.com/image/hnoummWa', 'photo de chat', '2023-05-11 14:38:20'),
(9, 'Aliquam erat volutpat', 'Aliquam erat volutpat. Maecenas id ullamcorper leo. Lorem ipsum dolor sit amet, consectetur adipiscing elit. Vestibulum nibh nulla, tempus sed feugiat et, mollis ac elit. Proin feugiat, libero quis convallis sagittis, sem dui convallis sem, a elementum nibh erat quis nunc. Etiam dapibus est justo, in blandit felis commodo eget. Integer orci enim, ornare eu velit eu, dapibus consequat velit.', 'Aliquam erat volutpat. Maecenas id ullamcorper leo. Lorem ipsum dolor sit amet, consectetur adipiscing elit. Vestibulum nibh nulla, tempus sed feugiat et, mollis ac elit. Proin feugiat, libero quis convallis sagittis, sem dui convallis sem, a elementum nibh erat quis nunc. Etiam dapibus est justo, in blandit felis commodo eget. Integer orci enim, ornare eu velit eu, dapibus consequat velit. Praesent fermentum molestie arcu sit amet egestas. Vivamus sit amet nulla augue. Duis tristique turpis vestibulum mattis commodo.\r\n\r\nMorbi dui augue, porttitor quis dolor nec, tristique sollicitudin metus. Sed elementum sit amet velit eu semper. Duis luctus in metus sit amet aliquet. Class aptent taciti sociosqu ad litora torquent per conubia nostra, per inceptos himenaeos. Duis eget ante at sapien lobortis volutpat et in lectus. Morbi ut sagittis urna. Nam sit amet tellus vitae libero tempus malesuada.\r\n\r\nCras id egestas mi. Pellentesque lectus libero, imperdiet vitae libero nec, volutpat commodo felis. Integer vitae mollis mauris. Nulla a libero nec massa hendrerit sollicitudin. Nullam nisl orci, iaculis a faucibus a, convallis ac sapien. Proin ut velit libero. Nam at tempor augue. Vivamus hendrerit urna nec quam pretium, in venenatis quam egestas. Donec pulvinar gravida magna, ut suscipit elit semper quis. Integer tristique ornare purus, id lacinia purus tincidunt vitae. Sed dictum aliquet leo ut semper. Praesent tincidunt enim ipsum, sed placerat justo interdum quis. In id consequat orci, eu varius enim.', NULL, 'https://www.pixenli.com/image/HSKghhDW', 'photo de chat', '2023-05-11 14:42:29'),
(10, 'Lorem ipsum dolor sit amet', 'Lorem ipsum dolor sit amet, consectetur adipiscing elit. Fusce pulvinar at odio eu lacinia. Suspendisse in sollicitudin ligula, eget pellentesque est. In et tellus eget justo consectetur imperdiet. Integer et elit dolor. Curabitur imperdiet tincidunt nulla, non luctus massa hendrerit id. Nunc sed semper ante. Pellentesque vel tincidunt sapien.', 'Lorem ipsum dolor sit amet, consectetur adipiscing elit. Fusce pulvinar at odio eu lacinia. Suspendisse in sollicitudin ligula, eget pellentesque est. In et tellus eget justo consectetur imperdiet. Integer et elit dolor. Curabitur imperdiet tincidunt nulla, non luctus massa hendrerit id. Nunc sed semper ante. Pellentesque vel tincidunt sapien. Nam accumsan ante in ex interdum, id volutpat metus varius. Cras tincidunt facilisis elit. Cras non odio diam. Praesent mattis diam sapien, sit amet molestie leo mollis id. Nullam nisl nibh, rhoncus sed tincidunt sed, semper a nisl.\r\n\r\nSuspendisse mi elit, condimentum sed mi sed, sagittis mollis lectus. Praesent ut viverra orci, eu mattis enim. Cras dui sapien, viverra vitae facilisis ut, ultricies nec lorem. Vestibulum fringilla nisl vel scelerisque varius. Sed ligula neque, posuere sit amet molestie mattis, porta ac nisi. Morbi facilisis sem mi, at vehicula mi congue et. Maecenas eget fringilla magna, in venenatis mi.\r\n\r\nCras enim ex, tincidunt vitae tellus sed, molestie maximus nisi. Duis semper ex quis aliquam vulputate. Pellentesque id lacus at diam rutrum consequat. Pellentesque pulvinar posuere tempus. Nunc sed sem vel leo consectetur bibendum. Phasellus in ullamcorper enim, eget finibus mi. Donec enim justo, gravida eu viverra et, faucibus ut lorem. Cras posuere arcu tincidunt nibh luctus laoreet. Proin at nisi non odio viverra vehicula ac a sem. Donec a erat eu dui venenatis finibus. Ut vel enim felis. Sed euismod purus lacus, a vehicula augue pretium vitae. Sed eget tempor diam.', NULL, 'https://www.pixenli.com/image/cZxsBBn3', 'photo de chat', '2023-05-11 14:39:43'),
(11, 'Suspendisse mi elit', 'Suspendisse mi elit, condimentum sed mi sed, sagittis mollis lectus. Praesent ut viverra orci, eu mattis enim. Cras dui sapien, viverra vitae facilisis ut, ultricies nec lorem. Vestibulum fringilla nisl vel scelerisque varius. Sed ligula neque, posuere sit amet molestie mattis, porta ac nisi. Morbi facilisis sem mi, at vehicula mi congue et.', 'Suspendisse mi elit, condimentum sed mi sed, sagittis mollis lectus. Praesent ut viverra orci, eu mattis enim. Cras dui sapien, viverra vitae facilisis ut, ultricies nec lorem. Vestibulum fringilla nisl vel scelerisque varius. Sed ligula neque, posuere sit amet molestie mattis, porta ac nisi. Morbi facilisis sem mi, at vehicula mi congue et. Maecenas eget fringilla magna, in venenatis mi.\r\n\r\nCras enim ex, tincidunt vitae tellus sed, molestie maximus nisi. Duis semper ex quis aliquam vulputate. Pellentesque id lacus at diam rutrum consequat. Pellentesque pulvinar posuere tempus. Nunc sed sem vel leo consectetur bibendum. Phasellus in ullamcorper enim, eget finibus mi. Donec enim justo, gravida eu viverra et, faucibus ut lorem. Cras posuere arcu tincidunt nibh luctus laoreet. Proin at nisi non odio viverra vehicula ac a sem. Donec a erat eu dui venenatis finibus. Ut vel enim felis. Sed euismod purus lacus, a vehicula augue pretium vitae. Sed eget tempor diam.\r\n\r\nPellentesque varius ligula urna, ac iaculis leo luctus quis. Morbi sed gravida magna. Vestibulum efficitur lectus ac sagittis convallis. Pellentesque mattis tempus orci in dictum. Nam at nisi tincidunt, mollis ipsum nec, condimentum dolor. Nam consectetur turpis quis eros viverra, nec hendrerit sapien hendrerit. Duis quis aliquet nibh. Donec vitae nisi nec velit congue euismod. Integer venenatis felis ac arcu posuere, in aliquet arcu sagittis. Maecenas ultricies facilisis elit ac placerat. Nullam id ante condimentum, suscipit neque ac, facilisis orci. Nullam lobortis dignissim dui, nec tristique eros auctor non.', NULL, 'https://www.pixenli.com/image/5NqTwH05', 'photo de chat', '2023-05-11 14:40:21'),
(19, 'Curabitur lorem eros', 'Curabitur lorem eros, volutpat vitae suscipit finibus, scelerisque vitae lacus. Duis et mollis eros. Nam ut lobortis mi, eu sodales orci. Suspendisse mattis risus ut pellentesque ultricies. Proin tincidunt, risus sed lobortis aliquet, mauris nibh cursus turpis, ac commodo metus mi non justo. Nulla ac viverra nibh. Proin in augue pretium, dapibus metus et, tincidunt ante. Suspendisse non auctor lectus.', 'Curabitur lorem eros, volutpat vitae suscipit finibus, scelerisque vitae lacus. Duis et mollis eros. Nam ut lobortis mi, eu sodales orci. Suspendisse mattis risus ut pellentesque ultricies. Proin tincidunt, risus sed lobortis aliquet, mauris nibh cursus turpis, ac commodo metus mi non justo. Nulla ac viverra nibh. Proin in augue pretium, dapibus metus et, tincidunt ante. Suspendisse non auctor lectus. Nullam a ex in augue tempor luctus et eget quam. Ut sagittis lorem id consectetur tincidunt. Sed dapibus sodales tincidunt. Duis mattis sed mi vehicula ultricies. Nunc sed neque facilisis, efficitur quam at, maximus lectus. Quisque tempus vitae ex sit amet pharetra.\r\n\r\nNam lacinia, quam eget placerat ultrices, nibh elit sagittis odio, quis vestibulum ipsum ligula non ligula. In at ultrices augue. Phasellus accumsan, leo nec vulputate bibendum, velit urna lobortis mi, et sodales lectus tortor efficitur odio. Sed tincidunt dui a tortor imperdiet viverra. Morbi nec metus non metus lacinia cursus eleifend et enim. Nam accumsan turpis tincidunt, molestie sem id, pharetra arcu. Quisque et nisl enim. Morbi eget nunc sed lacus laoreet bibendum. Interdum et malesuada fames ac ante ipsum primis in faucibus. Suspendisse potenti. Nulla facilisi. Lorem ipsum dolor sit amet, consectetur adipiscing elit. Proin rutrum, tortor vitae dignissim elementum, velit turpis consequat ligula, posuere accumsan tellus neque ac justo.\r\n\r\nNullam nunc lorem, finibus sit amet faucibus varius, fringilla a orci. Interdum et malesuada fames ac ante ipsum primis in faucibus. Duis nec bibendum purus. Cras cursus interdum sollicitudin. Nulla facilisi. Quisque vitae felis vel nisi consectetur molestie at sit amet sem. Sed posuere a nisl quis lobortis. Nulla dui ex, fringilla vitae tempus et, viverra nec mi. Donec turpis dolor, vestibulum in rutrum ac, condimentum id lacus. Pellentesque habitant morbi tristique senectus et netus et malesuada fames ac turpis egestas. Morbi ac dui consequat, posuere lacus a, bibendum velit. Proin suscipit mi ac turpis lobortis sollicitudin. Nullam vitae nunc dapibus, porttitor elit in, pharetra eros. Sed sem dolor, vulputate ut placerat ut, fringilla ut tortor. Phasellus tellus neque, porttitor eget tempor vitae, pellentesque nec nibh. Phasellus ullamcorper, tellus eget dapibus cursus, augue nunc ultrices velit, in pharetra est lorem id ante. ', NULL, 'https://www.pixenli.com/image/UeVodbzR', 'photo de chat', '2023-05-11 14:32:40'),
(20, 'Nam lacinia 2', 'Nam lacinia, quam eget placerat ultrices, nibh elit sagittis odio, quis vestibulum ipsum ligula non ligula. In at ultrices augue. Phasellus accumsan, leo nec vulputate bibendum, velit urna lobortis mi, et sodales lectus tortor efficitur odio. Sed tincidunt dui a tortor imperdiet viverra. Morbi nec metus non metus lacinia cursus eleifend et enim. Nam accumsan turpis tincidunt, molestie sem id, pharetra arcu. Quisque et nisl enim.', 'Nam lacinia, quam eget placerat ultrices, nibh elit sagittis odio, quis vestibulum ipsum ligula non ligula. In at ultrices augue. Phasellus accumsan, leo nec vulputate bibendum, velit urna lobortis mi, et sodales lectus tortor efficitur odio. Sed tincidunt dui a tortor imperdiet viverra. Morbi nec metus non metus lacinia cursus eleifend et enim. Nam accumsan turpis tincidunt, molestie sem id, pharetra arcu. Quisque et nisl enim. Morbi eget nunc sed lacus laoreet bibendum. Interdum et malesuada fames ac ante ipsum primis in faucibus. Suspendisse potenti. Nulla facilisi. Lorem ipsum dolor sit amet, consectetur adipiscing elit. Proin rutrum, tortor vitae dignissim elementum, velit turpis consequat ligula, posuere accumsan tellus neque ac justo.\r\n\r\nNullam nunc lorem, finibus sit amet faucibus varius, fringilla a orci. Interdum et malesuada fames ac ante ipsum primis in faucibus. Duis nec bibendum purus. Cras cursus interdum sollicitudin. Nulla facilisi. Quisque vitae felis vel nisi consectetur molestie at sit amet sem. Sed posuere a nisl quis lobortis. Nulla dui ex, fringilla vitae tempus et, viverra nec mi. Donec turpis dolor, vestibulum in rutrum ac, condimentum id lacus. Pellentesque habitant morbi tristique senectus et netus et malesuada fames ac turpis egestas. Morbi ac dui consequat, posuere lacus a, bibendum velit. Proin suscipit mi ac turpis lobortis sollicitudin. Nullam vitae nunc dapibus, porttitor elit in, pharetra eros. Sed sem dolor, vulputate ut placerat ut, fringilla ut tortor. Phasellus tellus neque, porttitor eget tempor vitae, pellentesque nec nibh. Phasellus ullamcorper, tellus eget dapibus cursus, augue nunc ultrices velit, in pharetra est lorem id ante.\r\n\r\nSed purus lectus, semper nec placerat eu, porta at justo. Fusce sit amet suscipit libero. Maecenas tempor vel neque id aliquet. Curabitur vulputate erat leo, quis gravida massa laoreet sed. Nam nulla erat, placerat ac dapibus eget, rhoncus vel justo. Vestibulum bibendum arcu eget diam rutrum, id pharetra enim dignissim. Pellentesque nec magna lobortis neque interdum gravida sit amet id leo. Nunc eu gravida nisl. Aliquam fringilla at nisi ultricies blandit. Quisque a justo auctor, aliquam ipsum molestie, feugiat arcu. Curabitur dignissim gravida faucibus. Quisque sit amet dolor maximus, aliquet purus vel, varius nunc. Morbi non erat non ex hendrerit auctor ultrices imperdiet dui. ', NULL, 'https://www.pixenli.com/image/GIfjHz6m', 'photo de chat', '2023-05-11 14:32:11'),
(21, 'Nullam nunc lorem', 'Nullam nunc lorem, finibus sit amet faucibus varius, fringilla a orci. Interdum et malesuada fames ac ante ipsum primis in faucibus. Duis nec bibendum purus. Cras cursus interdum sollicitudin. Nulla facilisi. Quisque vitae felis vel nisi consectetur molestie at sit amet sem. Sed posuere a nisl quis lobortis. Nulla dui ex, fringilla vitae tempus et, viverra nec mi. Donec turpis dolor, vestibulum in rutrum ac, condimentum id lacus.', 'Nullam nunc lorem, finibus sit amet faucibus varius, fringilla a orci. Interdum et malesuada fames ac ante ipsum primis in faucibus. Duis nec bibendum purus. Cras cursus interdum sollicitudin. Nulla facilisi. Quisque vitae felis vel nisi consectetur molestie at sit amet sem. Sed posuere a nisl quis lobortis. Nulla dui ex, fringilla vitae tempus et, viverra nec mi. Donec turpis dolor, vestibulum in rutrum ac, condimentum id lacus. Pellentesque habitant morbi tristique senectus et netus et malesuada fames ac turpis egestas. Morbi ac dui consequat, posuere lacus a, bibendum velit. Proin suscipit mi ac turpis lobortis sollicitudin. Nullam vitae nunc dapibus, porttitor elit in, pharetra eros. Sed sem dolor, vulputate ut placerat ut, fringilla ut tortor. Phasellus tellus neque, porttitor eget tempor vitae, pellentesque nec nibh. Phasellus ullamcorper, tellus eget dapibus cursus, augue nunc ultrices velit, in pharetra est lorem id ante.\r\n\r\nSed purus lectus, semper nec placerat eu, porta at justo. Fusce sit amet suscipit libero. Maecenas tempor vel neque id aliquet. Curabitur vulputate erat leo, quis gravida massa laoreet sed. Nam nulla erat, placerat ac dapibus eget, rhoncus vel justo. Vestibulum bibendum arcu eget diam rutrum, id pharetra enim dignissim. Pellentesque nec magna lobortis neque interdum gravida sit amet id leo. Nunc eu gravida nisl. Aliquam fringilla at nisi ultricies blandit. Quisque a justo auctor, aliquam ipsum molestie, feugiat arcu. Curabitur dignissim gravida faucibus. Quisque sit amet dolor maximus, aliquet purus vel, varius nunc. Morbi non erat non ex hendrerit auctor ultrices imperdiet dui.\r\n\r\nQuisque tortor nunc, varius vitae urna et, egestas rhoncus sem. Suspendisse mollis lorem dapibus aliquam lacinia. Class aptent taciti sociosqu ad litora torquent per conubia nostra, per inceptos himenaeos. Donec sit amet luctus elit, sit amet sagittis nisl. Donec eu fringilla sapien, quis convallis quam. Phasellus tincidunt ultricies risus, sit amet semper nibh efficitur sed. Praesent eget dui metus. Aliquam non purus interdum augue rhoncus interdum et ut augue. Aenean at dictum ante. Etiam sit amet ligula metus. Vestibulum et laoreet ante. Mauris fringilla, diam at convallis consequat, turpis orci auctor sem, quis rhoncus tellus leo vulputate nisi. Donec varius libero velit, ut posuere nunc elementum a. ', NULL, 'https://www.pixenli.com/image/zOKK3WVd', 'photo de chat', '2023-05-11 14:33:14'),
(22, 'Sed purus lectus', 'Sed purus lectus, semper nec placerat eu, porta at justo. Fusce sit amet suscipit libero. Maecenas tempor vel neque id aliquet. Curabitur vulputate erat leo, quis gravida massa laoreet sed. Nam nulla erat, placerat ac dapibus eget, rhoncus vel justo. Vestibulum bibendum arcu eget diam rutrum, id pharetra enim dignissim. Pellentesque nec magna lobortis neque interdum gravida sit amet id leo.', 'Sed purus lectus, semper nec placerat eu, porta at justo. Fusce sit amet suscipit libero. Maecenas tempor vel neque id aliquet. Curabitur vulputate erat leo, quis gravida massa laoreet sed. Nam nulla erat, placerat ac dapibus eget, rhoncus vel justo. Vestibulum bibendum arcu eget diam rutrum, id pharetra enim dignissim. Pellentesque nec magna lobortis neque interdum gravida sit amet id leo. Nunc eu gravida nisl. Aliquam fringilla at nisi ultricies blandit. Quisque a justo auctor, aliquam ipsum molestie, feugiat arcu. Curabitur dignissim gravida faucibus. Quisque sit amet dolor maximus, aliquet purus vel, varius nunc. Morbi non erat non ex hendrerit auctor ultrices imperdiet dui.\r\n\r\nQuisque tortor nunc, varius vitae urna et, egestas rhoncus sem. Suspendisse mollis lorem dapibus aliquam lacinia. Class aptent taciti sociosqu ad litora torquent per conubia nostra, per inceptos himenaeos. Donec sit amet luctus elit, sit amet sagittis nisl. Donec eu fringilla sapien, quis convallis quam. Phasellus tincidunt ultricies risus, sit amet semper nibh efficitur sed. Praesent eget dui metus. Aliquam non purus interdum augue rhoncus interdum et ut augue. Aenean at dictum ante. Etiam sit amet ligula metus. Vestibulum et laoreet ante. Mauris fringilla, diam at convallis consequat, turpis orci auctor sem, quis rhoncus tellus leo vulputate nisi. Donec varius libero velit, ut posuere nunc elementum a.\r\n\r\nNullam a felis et mauris elementum tristique non at purus. Vivamus at tincidunt turpis. Sed hendrerit nisl nec iaculis ultricies. Cras tristique, dui vel dignissim porttitor, mauris lacus facilisis mauris, ut viverra nisl ex quis quam. Aliquam laoreet lectus ut volutpat rutrum. Nunc ac aliquet dui, vitae gravida leo. Nunc egestas cursus urna, vitae tincidunt leo malesuada eu. Vivamus egestas volutpat metus eget ullamcorper. Curabitur sollicitudin nisl tortor, in mollis purus facilisis sit amet. Etiam vehicula sapien in turpis faucibus, eget elementum sapien aliquet. Ut malesuada molestie elit, sit amet dapibus sapien semper vitae. Ut ac neque et metus commodo blandit et sit amet turpis. Vivamus maximus urna sit amet consequat pulvinar. Aliquam malesuada lobortis justo, at dignissim nisi auctor eget. ', NULL, 'https://www.pixenli.com/image/rvXnJRvZ', 'photo de chat', '2023-05-11 14:33:36'),
(23, 'Quisque tortor nunc', 'Quisque tortor nunc, varius vitae urna et, egestas rhoncus sem. Suspendisse mollis lorem dapibus aliquam lacinia. Class aptent taciti sociosqu ad litora torquent per conubia nostra, per inceptos himenaeos. Donec sit amet luctus elit, sit amet sagittis nisl. Donec eu fringilla sapien, quis convallis quam. Phasellus tincidunt ultricies risus, sit amet semper nibh efficitur sed. Praesent eget dui metus.', 'Quisque tortor nunc, varius vitae urna et, egestas rhoncus sem. Suspendisse mollis lorem dapibus aliquam lacinia. Class aptent taciti sociosqu ad litora torquent per conubia nostra, per inceptos himenaeos. Donec sit amet luctus elit, sit amet sagittis nisl. Donec eu fringilla sapien, quis convallis quam. Phasellus tincidunt ultricies risus, sit amet semper nibh efficitur sed. Praesent eget dui metus. Aliquam non purus interdum augue rhoncus interdum et ut augue. Aenean at dictum ante. Etiam sit amet ligula metus. Vestibulum et laoreet ante. Mauris fringilla, diam at convallis consequat, turpis orci auctor sem, quis rhoncus tellus leo vulputate nisi. Donec varius libero velit, ut posuere nunc elementum a.\r\n\r\nNullam a felis et mauris elementum tristique non at purus. Vivamus at tincidunt turpis. Sed hendrerit nisl nec iaculis ultricies. Cras tristique, dui vel dignissim porttitor, mauris lacus facilisis mauris, ut viverra nisl ex quis quam. Aliquam laoreet lectus ut volutpat rutrum. Nunc ac aliquet dui, vitae gravida leo. Nunc egestas cursus urna, vitae tincidunt leo malesuada eu. Vivamus egestas volutpat metus eget ullamcorper. Curabitur sollicitudin nisl tortor, in mollis purus facilisis sit amet. Etiam vehicula sapien in turpis faucibus, eget elementum sapien aliquet. Ut malesuada molestie elit, sit amet dapibus sapien semper vitae. Ut ac neque et metus commodo blandit et sit amet turpis. Vivamus maximus urna sit amet consequat pulvinar. Aliquam malesuada lobortis justo, at dignissim nisi auctor eget.\r\n\r\nUt semper lacus non elementum rhoncus. Lorem ipsum dolor sit amet, consectetur adipiscing elit. Morbi scelerisque volutpat eros, sit amet facilisis arcu gravida id. Curabitur accumsan vulputate neque, ut auctor sem luctus non. Aliquam maximus diam nec iaculis tempor. Aliquam eget consectetur tellus, quis iaculis urna. Aliquam lacinia molestie augue, non commodo lectus consectetur eu. Praesent vitae ante in risus aliquet vestibulum nec in justo. Donec rutrum ac nibh quis elementum. Vestibulum ante ipsum primis in faucibus orci luctus et ultrices posuere cubilia curae; Suspendisse vulputate at dolor vitae elementum. Phasellus venenatis erat vitae dui ullamcorper hendrerit. Aenean molestie lectus quis ex vulputate mattis. Aliquam erat volutpat. Mauris egestas risus blandit vulputate facilisis. Vestibulum non sem turpis.', NULL, 'https://www.pixenli.com/image/szTQt9_s', 'photo de chat', '2023-05-11 14:34:09'),
(24, 'Nullam a felis et mauris', 'Nullam a felis et mauris elementum tristique non at purus. Vivamus at tincidunt turpis. Sed hendrerit nisl nec iaculis ultricies. Cras tristique, dui vel dignissim porttitor, mauris lacus facilisis mauris, ut viverra nisl ex quis quam. Aliquam laoreet lectus ut volutpat rutrum. Nunc ac aliquet dui, vitae gravida leo. Nunc egestas cursus urna, vitae tincidunt leo malesuada eu.', 'Nullam a felis et mauris elementum tristique non at purus. Vivamus at tincidunt turpis. Sed hendrerit nisl nec iaculis ultricies. Cras tristique, dui vel dignissim porttitor, mauris lacus facilisis mauris, ut viverra nisl ex quis quam. Aliquam laoreet lectus ut volutpat rutrum. Nunc ac aliquet dui, vitae gravida leo. Nunc egestas cursus urna, vitae tincidunt leo malesuada eu. Vivamus egestas volutpat metus eget ullamcorper. Curabitur sollicitudin nisl tortor, in mollis purus facilisis sit amet. Etiam vehicula sapien in turpis faucibus, eget elementum sapien aliquet. Ut malesuada molestie elit, sit amet dapibus sapien semper vitae. Ut ac neque et metus commodo blandit et sit amet turpis. Vivamus maximus urna sit amet consequat pulvinar. Aliquam malesuada lobortis justo, at dignissim nisi auctor eget.\r\n\r\nUt semper lacus non elementum rhoncus. Lorem ipsum dolor sit amet, consectetur adipiscing elit. Morbi scelerisque volutpat eros, sit amet facilisis arcu gravida id. Curabitur accumsan vulputate neque, ut auctor sem luctus non. Aliquam maximus diam nec iaculis tempor. Aliquam eget consectetur tellus, quis iaculis urna. Aliquam lacinia molestie augue, non commodo lectus consectetur eu. Praesent vitae ante in risus aliquet vestibulum nec in justo. Donec rutrum ac nibh quis elementum. Vestibulum ante ipsum primis in faucibus orci luctus et ultrices posuere cubilia curae; Suspendisse vulputate at dolor vitae elementum. Phasellus venenatis erat vitae dui ullamcorper hendrerit. Aenean molestie lectus quis ex vulputate mattis. Aliquam erat volutpat. Mauris egestas risus blandit vulputate facilisis. Vestibulum non sem turpis.\r\n\r\nAliquam lobortis diam vitae massa malesuada, consequat condimentum arcu hendrerit. Vestibulum dapibus eu metus et porta. Curabitur eget odio eu justo tempor accumsan non et est. Etiam vitae lectus elit. Mauris vel neque convallis erat euismod venenatis. Morbi quis ex sit amet magna tincidunt placerat quis non orci. Fusce egestas, ex a bibendum elementum, lectus eros semper velit, nec viverra nulla arcu in nibh. Morbi rutrum dui dolor, vel cursus est finibus et.', NULL, 'https://www.pixenli.com/image/dPSdMdEE', 'photo de chat', '2023-05-11 14:34:43'),
(25, 'Ut semper lacus', 'Ut semper lacus non elementum rhoncus. Lorem ipsum dolor sit amet, consectetur adipiscing elit. Morbi scelerisque volutpat eros, sit amet facilisis arcu gravida id. Curabitur accumsan vulputate neque, ut auctor sem luctus non. Aliquam maximus diam nec iaculis tempor. Aliquam eget consectetur tellus, quis iaculis urna. Aliquam lacinia molestie augue, non commodo lectus consectetur eu. Praesent vitae ante in risus aliquet vestibulum nec in justo.', 'Ut semper lacus non elementum rhoncus. Lorem ipsum dolor sit amet, consectetur adipiscing elit. Morbi scelerisque volutpat eros, sit amet facilisis arcu gravida id. Curabitur accumsan vulputate neque, ut auctor sem luctus non. Aliquam maximus diam nec iaculis tempor. Aliquam eget consectetur tellus, quis iaculis urna. Aliquam lacinia molestie augue, non commodo lectus consectetur eu. Praesent vitae ante in risus aliquet vestibulum nec in justo. Donec rutrum ac nibh quis elementum. Vestibulum ante ipsum primis in faucibus orci luctus et ultrices posuere cubilia curae; Suspendisse vulputate at dolor vitae elementum. Phasellus venenatis erat vitae dui ullamcorper hendrerit. Aenean molestie lectus quis ex vulputate mattis. Aliquam erat volutpat. Mauris egestas risus blandit vulputate facilisis. Vestibulum non sem turpis.\r\n\r\nAliquam lobortis diam vitae massa malesuada, consequat condimentum arcu hendrerit. Vestibulum dapibus eu metus et porta. Curabitur eget odio eu justo tempor accumsan non et est. Etiam vitae lectus elit. Mauris vel neque convallis erat euismod venenatis. Morbi quis ex sit amet magna tincidunt placerat quis non orci. Fusce egestas, ex a bibendum elementum, lectus eros semper velit, nec viverra nulla arcu in nibh. Morbi rutrum dui dolor, vel cursus est finibus et.\r\n\r\nQuisque tempor ipsum eget semper convallis. Cras nunc nulla, ultricies quis consectetur eget, ornare et mi. Fusce molestie tempus ultrices. Donec vehicula ullamcorper elit, at euismod dui pulvinar eu. Aliquam erat volutpat. Nunc elementum porta convallis. Suspendisse iaculis aliquam mi eget rhoncus. Sed vestibulum aliquam dui a elementum. Pellentesque at odio condimentum, auctor odio ut, efficitur orci. Nullam eu massa orci. Fusce id mattis tellus. Proin vehicula sagittis nisl, eget venenatis magna aliquam nec. Suspendisse ultricies ultrices eros quis ultricies. Nullam interdum viverra lectus, eu condimentum sem volutpat a. Nam eu congue sapien, eget elementum elit.', NULL, 'https://www.pixenli.com/image/1FuJnqvG', 'photo de chat', '2023-05-11 14:35:10'),
(26, 'Quisque tempor ipsum eget', 'Quisque tempor ipsum eget semper convallis. Cras nunc nulla, ultricies quis consectetur eget, ornare et mi. Fusce molestie tempus ultrices. Donec vehicula ullamcorper elit, at euismod dui pulvinar eu. Aliquam erat volutpat. Nunc elementum porta convallis. Suspendisse iaculis aliquam mi eget rhoncus. Sed vestibulum aliquam dui a elementum. Pellentesque at odio condimentum, auctor odio ut, efficitur orci. Nullam eu massa orci. Fusce id mattis tellus.', 'Quisque tempor ipsum eget semper convallis. Cras nunc nulla, ultricies quis consectetur eget, ornare et mi. Fusce molestie tempus ultrices. Donec vehicula ullamcorper elit, at euismod dui pulvinar eu. Aliquam erat volutpat. Nunc elementum porta convallis. Suspendisse iaculis aliquam mi eget rhoncus. Sed vestibulum aliquam dui a elementum. Pellentesque at odio condimentum, auctor odio ut, efficitur orci. Nullam eu massa orci. Fusce id mattis tellus. Proin vehicula sagittis nisl, eget venenatis magna aliquam nec. Suspendisse ultricies ultrices eros quis ultricies. Nullam interdum viverra lectus, eu condimentum sem volutpat a. Nam eu congue sapien, eget elementum elit.\r\n\r\nNunc pharetra, mi eget finibus euismod, est velit posuere ligula, eu convallis massa nulla in lectus. Aenean lacinia nisi diam. Donec leo orci, viverra id aliquam ut, vestibulum sed magna. Vestibulum porttitor, ipsum a suscipit venenatis, erat ipsum vulputate tortor, non luctus enim nisi ut dui. Sed euismod congue fermentum. Donec neque mi, interdum quis mi nec, consequat auctor nisl. Ut ac tincidunt elit. Quisque rutrum vestibulum nisl, ut pharetra lectus pellentesque vel. Proin eu velit quis felis dictum fringilla ac vitae metus. Sed euismod fringilla arcu eu lacinia.\r\n\r\nCurabitur vulputate sapien eu diam efficitur vulputate. Ut molestie ullamcorper elementum. Suspendisse id lacus vitae nulla molestie lobortis. Aliquam erat volutpat. Quisque sit amet turpis ante. Praesent cursus scelerisque faucibus. Vestibulum consectetur sed tellus nec elementum. Donec augue diam, sodales id ligula id, rutrum sodales metus. Maecenas et urna diam. Duis hendrerit elementum ipsum et viverra. Sed molestie id est nec rutrum. Vestibulum tincidunt est et orci consequat scelerisque.', NULL, 'https://www.pixenli.com/image/h0bxMxRx', 'photo de chat', '2023-05-11 14:40:54');
INSERT INTO `posts` (`id`, `title`, `summary`, `content`, `id_user`, `image_url`, `image_description`, `updated_at`) VALUES
(38, 'Lorem ipsum dolor sit ame', 'Lorem ipsum dolor sit amet, consectetur adipiscing elit. Proin at sapien non tortor vehicula viverra sit amet at enim. Cras sodales urna eu luctus finibus. Mauris id dolor facilisis, ultricies ex vitae, euismod tortor. Duis id ultrices ipsum. Vivamus sed metus justo. Nunc convallis sed nulla eget bibendum.', 'Lorem ipsum dolor sit amet, consectetur adipiscing elit. Proin at sapien non tortor vehicula viverra sit amet at enim. Cras sodales urna eu luctus finibus. Mauris id dolor facilisis, ultricies ex vitae, euismod tortor. Duis id ultrices ipsum. Vivamus sed metus justo. Nunc convallis sed nulla eget bibendum. Integer efficitur quam eu massa lobortis, quis eleifend dui gravida. Ut commodo laoreet diam nec vestibulum. Nam massa elit, maximus nec magna eget, ultricies accumsan nulla. Etiam nec nunc nec sapien aliquet pulvinar vitae sed risus. Vivamus sit amet dolor turpis. Praesent efficitur libero sed diam luctus, sit amet suscipit tortor posuere. Suspendisse quis mollis mauris. Nunc condimentum tellus eget dui accumsan, vitae consectetur magna mattis. Quisque tincidunt urna a ornare convallis. Aenean pretium porttitor mauris, sit amet mattis diam tincidunt ac.\r\n\r\nNullam vel massa consequat, lacinia odio eget, suscipit dui. Quisque porttitor malesuada cursus. Suspendisse maximus ante a erat sollicitudin faucibus. Curabitur lobortis ullamcorper sapien bibendum molestie. Nunc venenatis scelerisque ligula, nec tempus nisl condimentum fringilla. Vestibulum magna orci, euismod et mollis non, fringilla sed felis. Morbi dapibus lorem turpis. Duis tellus metus, convallis at nibh sit amet, condimentum ultrices mi. Nam hendrerit posuere leo, luctus condimentum lacus consectetur ac. Nulla ullamcorper semper enim. In ac ultrices urna. Aenean sed fermentum magna. Suspendisse condimentum magna at laoreet sodales. Aliquam erat volutpat. Donec ut erat commodo, rutrum erat id, maximus magna. Nullam eget sagittis sem.\r\n\r\nNunc quam lacus, ornare in volutpat eu, cursus eu diam. Ut tincidunt quam nunc, sit amet accumsan est lobortis et. Mauris et dolor arcu. Proin ac est nunc. Donec id eros ut est efficitur consectetur vel id augue. Curabitur non quam convallis, aliquam est a, viverra dolor. Etiam in ultricies sapien, nec malesuada elit. Sed porttitor mi eu quam interdum, ac interdum mi efficitur. Mauris eget efficitur risus, vitae tristique risus. Orci varius natoque penatibus et magnis dis parturient montes, nascetur ridiculus mus.\r\n\r\nInteger ac sollicitudin elit. In aliquam sed elit pulvinar sodales. Suspendisse eu ante ullamcorper erat sollicitudin vulputate at id ligula. Vestibulum ante ipsum primis in faucibus orci luctus et ultrices posuere cubilia curae; Aenean pretium nulla in sollicitudin consequat. Fusce at tellus ac diam scelerisque finibus at vitae nisi. Maecenas aliquet, mi nec posuere blandit, lorem tortor facilisis lectus, ut ornare sem lorem ut felis. Maecenas malesuada consectetur tortor in elementum. Duis tincidunt ex non nisl faucibus pharetra. Etiam sodales pharetra posuere.\r\n\r\nIn condimentum diam aliquam diam vestibulum pharetra. Vivamus tincidunt pulvinar justo, et sollicitudin nisi mollis vitae. Integer dictum, ex lobortis efficitur tincidunt, dui odio aliquam arcu, eu pretium elit lorem vehicula orci. Nulla et ante interdum, varius neque suscipit, tincidunt arcu. Mauris at ante ipsum. Ut ipsum nisi, tincidunt ut cursus sit amet, rutrum sit amet nibh. Integer nunc diam, convallis eget arcu sed, porta facilisis urna. Quisque bibendum lorem vitae dui laoreet tincidunt. Sed eros leo, elementum non accumsan eget, bibendum vel sem. Pellentesque sagittis pretium dolor ut pulvinar. Ut euismod felis eu lectus faucibus, vel maximus augue consectetur. ', 13, 'https://www.pixenli.com/image/X6pdYkb-', 'photo de chat', '2023-05-11 14:19:14'),
(41, ' Curabitur nec sagittis sem', ' Curabitur nec sagittis sem, ut dictum magna. Nulla ut purus sollicitudin, viverra erat in, rhoncus lectus. Maecenas eleifend, leo a ultrices sagittis, dui dolor pharetra lorem, nec varius diam nulla vitae eros. Pellentesque ac suscipit purus, sed efficitur mauris.', ' Curabitur nec sagittis sem, ut dictum magna. Nulla ut purus sollicitudin, viverra erat in, rhoncus lectus. Maecenas eleifend, leo a ultrices sagittis, dui dolor pharetra lorem, nec varius diam nulla vitae eros. Pellentesque ac suscipit purus, sed efficitur mauris. Proin nisi nibh, euismod ac aliquam lobortis, venenatis vel turpis. Sed bibendum lorem id lorem dictum cursus. Fusce in mauris nec massa pharetra iaculis. Aenean venenatis justo a sapien lacinia, id elementum lorem venenatis. Nunc congue neque ipsum, a convallis diam consequat a. Sed est diam, lobortis ut tortor vel, porttitor egestas orci. Aliquam lectus justo, viverra a libero aliquam, bibendum iaculis sem. Donec ex felis, tincidunt ut nibh quis, pellentesque ultrices leo. Pellentesque condimentum varius mollis. In fermentum congue arcu accumsan vulputate.\r\n\r\nAliquam lectus elit, accumsan non velit eu, mollis laoreet tellus. Phasellus vulputate hendrerit quam, at elementum nisl cursus vitae. Sed eget nulla molestie, pretium ante ac, auctor ipsum. Praesent hendrerit orci eu turpis ornare, ac rutrum diam sollicitudin. Etiam tincidunt commodo enim, a varius diam tempor fermentum. Nulla a velit quam. Sed quis dui at tortor tempor mattis in eu lacus. Vivamus ultrices odio vel aliquam mattis. Aenean volutpat fermentum nisl feugiat ullamcorper. Orci varius natoque penatibus et magnis dis parturient montes, nascetur ridiculus mus. In id sapien felis. Nam tortor est, euismod in ligula et, mattis sollicitudin sem. Suspendisse sed scelerisque dolor. Donec commodo lectus quis lacus euismod fringilla. Morbi velit odio, vestibulum a nibh vel, malesuada viverra massa. Maecenas viverra fringilla placerat.\r\n\r\nSed nec elementum enim. In sit amet finibus arcu. Nulla egestas, diam eu convallis volutpat, sapien purus tempus est, sit amet tempus orci quam ac felis. Morbi efficitur massa odio, et iaculis arcu condimentum sit amet. Suspendisse vitae lectus consequat, pulvinar mauris eu, aliquam est. Fusce eget turpis ultricies, dictum dolor in, dictum libero. Vivamus semper dictum tortor quis condimentum. Morbi sagittis purus in nisl pretium tincidunt. Suspendisse venenatis sit amet ante ac fermentum. Vestibulum in pharetra lorem, in iaculis elit. Class aptent taciti sociosqu ad litora torquent per conubia nostra, per inceptos himenaeos. Aenean molestie metus aliquam nunc semper viverra.\r\n\r\nFusce bibendum nulla ut eros porttitor, at congue massa blandit. Phasellus rutrum ipsum ut arcu tempus molestie. Praesent mi felis, tincidunt in nunc sed, porta bibendum ante. Mauris ac felis pretium, fermentum ante sit amet, malesuada risus. In hac habitasse platea dictumst. Morbi ac cursus quam, nec cursus est. Nulla facilisi. Phasellus vulputate facilisis porttitor. ', 13, 'https://www.pixenli.com/image/X6pdYkb-', 'photo de chat', '2023-05-11 14:50:26');

-- --------------------------------------------------------

--
-- Structure de la table `users`
--

CREATE TABLE `users` (
  `id` int(11) NOT NULL,
  `email` varchar(100) NOT NULL,
  `password` varchar(250) NOT NULL,
  `first_name` varchar(100) NOT NULL,
  `last_name` varchar(100) NOT NULL,
  `validated` tinyint(1) NOT NULL DEFAULT 0,
  `role` enum('user','admin') NOT NULL
) ENGINE=InnoDB DEFAULT CHARSET=utf8mb4 COLLATE=utf8mb4_unicode_ci;

--
-- Déchargement des données de la table `users`
--

INSERT INTO `users` (`id`, `email`, `password`, `first_name`, `last_name`, `validated`, `role`) VALUES
(4, 'jane.doe@example.com', '$2y$10$DWVjLQmjTsyo9pNXLXDcme39oaA.0PAzR5tH5sNAyyJOAqsl0EqEa', 'Jane', 'Doe', 1, 'admin'),
(11, 'marie.dubois@exemple.com', '$2y$10$r9rP/duzZHDW/m/GSRJz8esLVBooBLSLlqPzHkUZ.VYhhmHDxpQv.', 'Marie', 'Dubois', 1, 'user'),
(12, 'pierre.dupont@example.com', '$2y$10$oRNYs/yPKzsD2h3i6k0T8ec9UiIuAN23UwNLvyLOWPSHiVFbbKzVa', 'Pierre', 'Dupont', 1, 'user'),
(13, 'emeline@example.com', '$2y$10$fimjrnEsI6kccvf5F5Rg4uqQsGWVb/uNFsYBTZ7zyJFlWfqWwVR3K', 'Emeline', 'Emeline', 1, 'admin'),
(19, 'emeline.gineys@example.com', '$2y$10$shU7PZpwuB0nrVeHhm13nubNwavYog7oXg.hg5N/a7pV3eEexeD92', 'Emeline', 'Gineys', 1, 'user'),
(21, 'john.doe@example.com', '$2y$10$3iI8mLcQ7W3/M.NyN7Y9lu6XLdpH1wSrD4G.s2ekw/SXFv3YGlqZO', 'John', 'Doe', 1, 'user'),
(23, 'test@example.com', '$2y$10$WUpZxKBYVUMojB.GB780UumuuH1uZziGO/qorpCA4CAu4IuQZKg7u', 'Test', 'Compte', 0, 'user');

--
-- Index pour les tables déchargées
--

--
-- Index pour la table `comments`
--
ALTER TABLE `comments`
  ADD PRIMARY KEY (`id`),
  ADD KEY `id_user` (`id_user`,`id_post`),
  ADD KEY `comments_ibfk_1` (`id_post`);

--
-- Index pour la table `posts`
--
ALTER TABLE `posts`
  ADD PRIMARY KEY (`id`),
  ADD KEY `id_user` (`id_user`);

--
-- Index pour la table `users`
--
ALTER TABLE `users`
  ADD PRIMARY KEY (`id`),
  ADD UNIQUE KEY `email` (`email`);

--
-- AUTO_INCREMENT pour les tables déchargées
--

--
-- AUTO_INCREMENT pour la table `comments`
--
ALTER TABLE `comments`
  MODIFY `id` int(11) NOT NULL AUTO_INCREMENT, AUTO_INCREMENT=83;

--
-- AUTO_INCREMENT pour la table `posts`
--
ALTER TABLE `posts`
  MODIFY `id` int(11) NOT NULL AUTO_INCREMENT, AUTO_INCREMENT=42;

--
-- AUTO_INCREMENT pour la table `users`
--
ALTER TABLE `users`
  MODIFY `id` int(11) NOT NULL AUTO_INCREMENT, AUTO_INCREMENT=24;

--
-- Contraintes pour les tables déchargées
--

--
-- Contraintes pour la table `comments`
--
ALTER TABLE `comments`
  ADD CONSTRAINT `comments_ibfk_1` FOREIGN KEY (`id_post`) REFERENCES `posts` (`id`) ON DELETE CASCADE,
  ADD CONSTRAINT `comments_ibfk_2` FOREIGN KEY (`id_user`) REFERENCES `users` (`id`) ON DELETE SET NULL;

--
-- Contraintes pour la table `posts`
--
ALTER TABLE `posts`
  ADD CONSTRAINT `posts_ibfk_1` FOREIGN KEY (`id_user`) REFERENCES `users` (`id`) ON DELETE SET NULL;
COMMIT;

/*!40101 SET CHARACTER_SET_CLIENT=@OLD_CHARACTER_SET_CLIENT */;
/*!40101 SET CHARACTER_SET_RESULTS=@OLD_CHARACTER_SET_RESULTS */;
/*!40101 SET COLLATION_CONNECTION=@OLD_COLLATION_CONNECTION */;
